created_at,id,id_str,text,full_text,truncated,entities,source,in_reply_to_status_id,in_reply_to_status_id_str,in_reply_to_user_id,in_reply_to_user_id_str,in_reply_to_screen_name,geo,coordinates,place,contributors,is_quote_status,retweet_count,favorite_count,favorited,favorited_by,retweeted,scopes,lang,possibly_sensitive,display_text_width,display_text_range,retweeted_status,quoted_status,quoted_status_id,quoted_status_id_str,quoted_status_permalink,quote_count,timestamp_ms,reply_count,filter_level,metadata,query,withheld_scope,withheld_copyright,withheld_in_countries,possibly_sensitive_appealable
2023-02-04T19:57:06Z,1621961061598478300,1621961061598478336,Interesante. Como para reflexionar en el silencio electoral. https://t.co/617xiSo42E,Interesante. Como para reflexionar en el silencio electoral. https://t.co/617xiSo42E,FALSE,,"<a href=""http://twitter.com/download/iphone"" rel=""nofollow"">Twitter for iPhone</a>",NA,NA,NA,NA,NA,,,,NA,TRUE,17,34,FALSE,NA,FALSE,NA,es,FALSE,NA,60,NA,,1621231329319731200,1621231329319731203,,NA,NA,NA,NA,NA,NA,NA,NA,NA,NA
2023-02-04T17:23:05Z,1621922304409174e3,1621922304409174018,"Algo que todos debemos saber‚Ä¶ 
#JimmyAlcalde
#S√∫beteAlTrendelCambio https://t.co/yUDochvTxW","Algo que todos debemos saber‚Ä¶ 
#JimmyAlcalde
#S√∫beteAlTrendelCambio https://t.co/yUDochvTxW",FALSE,,"<a href=""http://twitter.com/download/iphone"" rel=""nofollow"">Twitter for iPhone</a>",NA,NA,NA,NA,NA,,,,NA,FALSE,12,24,FALSE,NA,FALSE,NA,es,FALSE,NA,67,NA,,NA,NA,,NA,NA,NA,NA,NA,NA,NA,NA,NA,NA
2023-02-03T23:37:19Z,1621654092895355e3,1621654092895354881,"Se intensifica la campa√±a sucia, las mentiras y el ataque desenfrenado. Pero aqu√≠ estamos listos para el domingo vencer en las urnas. @cendemocratico https://t.co/aXz6MNyWRL","Se intensifica la campa√±a sucia, las mentiras y el ataque desenfrenado. Pero aqu√≠ estamos listos para el domingo vencer en las urnas. @cendemocratico https://t.co/aXz6MNyWRL",FALSE,,"<a href=""http://twitter.com/download/iphone"" rel=""nofollow"">Twitter for iPhone</a>",NA,NA,NA,NA,NA,,,,NA,FALSE,11,24,FALSE,NA,FALSE,NA,es,FALSE,NA,149,NA,,NA,NA,,NA,NA,NA,NA,NA,NA,NA,NA,NA,NA
2023-02-03T22:34:48Z,1621638362246381600,1621638362246381568,"Tu ya me conoces, hemos trabajado juntos y hemos trabajado bien. Vamos nuevamente hacia el Guayaquil de las grandes obras. #S√∫betealTRENdelCambio https://t.co/Wjsac8b1nJ","Tu ya me conoces, hemos trabajado juntos y hemos trabajado bien. Vamos nuevamente hacia el Guayaquil de las grandes obras. #S√∫betealTRENdelCambio https://t.co/Wjsac8b1nJ",FALSE,,"<a href=""http://twitter.com/download/iphone"" rel=""nofollow"">Twitter for iPhone</a>",NA,NA,NA,NA,NA,,,,NA,FALSE,17,67,FALSE,NA,FALSE,NA,es,FALSE,NA,145,NA,,NA,NA,,NA,NA,NA,NA,NA,NA,NA,NA,NA,NA
2023-02-03T16:12:22Z,1621542118689759200,1621542118689759234,Cerramos la campa√±a con una caminata por el Guasmo Sur y sin caravanas. Hasta el √∫ltimo d√≠a escuchamos a la gente. Fue una fiesta de agradecimiento a todos quienes solo por la fe y confianza que tienen en el regreso del Guayaquil de las grandes obras caminaron conmigo diez meses. https://t.co/iVMW0xeiwi,Cerramos la campa√±a con una caminata por el Guasmo Sur y sin caravanas. Hasta el √∫ltimo d√≠a escuchamos a la gente. Fue una fiesta de agradecimiento a todos quienes solo por la fe y confianza que tienen en el regreso del Guayaquil de las grandes obras caminaron conmigo diez meses. https://t.co/iVMW0xeiwi,FALSE,,"<a href=""https://mobile.twitter.com"" rel=""nofollow"">Twitter Web App</a>",NA,NA,NA,NA,NA,,,,NA,FALSE,27,64,FALSE,NA,FALSE,NA,es,FALSE,NA,280,NA,,NA,NA,,NA,NA,NA,NA,NA,NA,NA,NA,NA,NA
2023-02-02T22:18:27Z,1621271857625186300,1621271857625186306,"Ellos tambi√©n se subir√°n al tren del cambio este 5 de febrero. No pod√≠amos terminar la campa√±a sin homenajearlos.
#S√∫beteAlTrenDelCambio
#Guayaquil
#Alcald√≠adeGuayaquil https://t.co/puVQ1iqrao","Ellos tambi√©n se subir√°n al tren del cambio este 5 de febrero. No pod√≠amos terminar la campa√±a sin homenajearlos.
#S√∫beteAlTrenDelCambio
#Guayaquil
#Alcald√≠adeGuayaquil https://t.co/puVQ1iqrao",FALSE,,"<a href=""http://twitter.com/download/iphone"" rel=""nofollow"">Twitter for iPhone</a>",NA,NA,NA,NA,NA,,,,NA,FALSE,15,36,FALSE,NA,FALSE,NA,es,FALSE,NA,168,NA,,NA,NA,,NA,NA,NA,NA,NA,NA,NA,NA,NA,NA
2023-01-31T22:21:11Z,1620547770418602e3,1620547770418601985,"Falta muy poco para que a todos los barrios de Guayaquil llegue la Alcald√≠a. Juntos construiremos la ciudad de los pr√≥ximos 30 a√±os. Con equidad, con visi√≥n de futuro. #S√∫betealTRENdelCAMBIO https://t.co/qXTS0LMx5u https://t.co/c79ZIRc1sy","Falta muy poco para que a todos los barrios de Guayaquil llegue la Alcald√≠a. Juntos construiremos la ciudad de los pr√≥ximos 30 a√±os. Con equidad, con visi√≥n de futuro. #S√∫betealTRENdelCAMBIO https://t.co/qXTS0LMx5u https://t.co/c79ZIRc1sy",FALSE,,"<a href=""http://twitter.com/download/iphone"" rel=""nofollow"">Twitter for iPhone</a>",NA,NA,NA,NA,NA,,,,NA,FALSE,44,88,FALSE,NA,FALSE,NA,es,FALSE,NA,214,NA,,NA,NA,,NA,NA,NA,NA,NA,NA,NA,NA,NA,NA
2023-01-30T14:51:41Z,1620072261494657e3,1620072261494657024,De estas historias me he encontrado muchas en el camino. Me emocionan porque se que cada joven que ayudamos a superarse y salir de las drogas hizo que todo valga la pena. Ya viene un nuevo amanecer para Guayaquil. #S√∫betealTrendelCambio https://t.co/bfZpKU9rgN,De estas historias me he encontrado muchas en el camino. Me emocionan porque se que cada joven que ayudamos a superarse y salir de las drogas hizo que todo valga la pena. Ya viene un nuevo amanecer para Guayaquil. #S√∫betealTrendelCambio https://t.co/bfZpKU9rgN,FALSE,,"<a href=""https://mobile.twitter.com"" rel=""nofollow"">Twitter Web App</a>",NA,NA,NA,NA,NA,,,,NA,FALSE,26,34,FALSE,NA,FALSE,NA,es,FALSE,NA,236,NA,,NA,NA,,NA,NA,NA,NA,NA,NA,NA,NA,NA,NA
2023-01-29T16:37:42Z,1619736553043161e3,1619736553043161088,"Los trabajadores aut√≥nomos de la Entrada de la 8, la gente humilde del distrito 2 y el pueblo desatendido de la Balerio Estacio, nos recibieron con alegr√≠a y esperanza. 
#JimmyAlcalde
#Alcald√≠adeGuayaquil 
#SubeteAlTrenDelCambio https://t.co/DGOp1YLMoC","Los trabajadores aut√≥nomos de la Entrada de la 8, la gente humilde del distrito 2 y el pueblo desatendido de la Balerio Estacio, nos recibieron con alegr√≠a y esperanza. 
#JimmyAlcalde
#Alcald√≠adeGuayaquil 
#SubeteAlTrenDelCambio https://t.co/DGOp1YLMoC",FALSE,,"<a href=""http://twitter.com/download/iphone"" rel=""nofollow"">Twitter for iPhone</a>",NA,NA,NA,NA,NA,,,,NA,FALSE,25,44,FALSE,NA,FALSE,NA,es,FALSE,NA,228,NA,,NA,NA,,NA,NA,NA,NA,NA,NA,NA,NA,NA,NA
2023-01-28T01:12:36Z,1619141358987677700,1619141358987677697,"Vamos a recuperar los espacios p√∫blicos de manos de la delincuencia empezando por los parques de tu barrio.
#JimmyAlcalde #Alcald√≠adeGuayaquil #S√∫beteAlTrendelCambio https://t.co/F0wKoY4MQi","Vamos a recuperar los espacios p√∫blicos de manos de la delincuencia empezando por los parques de tu barrio.
#JimmyAlcalde #Alcald√≠adeGuayaquil #S√∫beteAlTrendelCambio https://t.co/F0wKoY4MQi",FALSE,,"<a href=""http://twitter.com/download/iphone"" rel=""nofollow"">Twitter for iPhone</a>",NA,NA,NA,NA,NA,,,,NA,FALSE,48,70,FALSE,NA,FALSE,NA,es,FALSE,NA,165,NA,,NA,NA,,NA,NA,NA,NA,NA,NA,NA,NA,NA,NA
2023-01-25T02:49:40Z,1618078621205418e3,1618078621205417986,"En este espacio acad√©mico conversamos sobre los grandes problemas de la ciudad y, m√°s que nada, debatimos sobre las soluciones, como lo ser√° el tren el√©ctrico elevado que -m√°s all√° de mejorar la movilidad- traer√° inversi√≥n y seguridad a los guayaquile√±os. 

#S√∫beteAlTrenDelCambio https://t.co/m5mMETfLQL","En este espacio acad√©mico conversamos sobre los grandes problemas de la ciudad y, m√°s que nada, debatimos sobre las soluciones, como lo ser√° el tren el√©ctrico elevado que -m√°s all√° de mejorar la movilidad- traer√° inversi√≥n y seguridad a los guayaquile√±os. 

#S√∫beteAlTrenDelCambio https://t.co/m5mMETfLQL",FALSE,,"<a href=""http://twitter.com/download/iphone"" rel=""nofollow"">Twitter for iPhone</a>",1618078610279268400,1618078610279268352,119392416,119392416,jimmyjairala,,,,NA,FALSE,15,29,FALSE,NA,FALSE,NA,es,FALSE,NA,280,NA,,NA,NA,,NA,NA,NA,NA,NA,NA,NA,NA,NA,NA
2023-01-25T02:49:37Z,1618078610279268400,1618078610279268352,"Muchas gracias a las autoridades y estudiantes de la @UnivEcotec del Campus de la Juan Tanca Marengo. En un profundo y ameno conversatorio pude presentar mi plan ""4 a√±os de reactivaci√≥n"" que apunta a un Guayaquil con planificaci√≥n, con una econom√≠a dinamizada y seguro. https://t.co/koe8OInHFV","Muchas gracias a las autoridades y estudiantes de la @UnivEcotec del Campus de la Juan Tanca Marengo. En un profundo y ameno conversatorio pude presentar mi plan ""4 a√±os de reactivaci√≥n"" que apunta a un Guayaquil con planificaci√≥n, con una econom√≠a dinamizada y seguro. https://t.co/koe8OInHFV",FALSE,,"<a href=""http://twitter.com/download/iphone"" rel=""nofollow"">Twitter for iPhone</a>",NA,NA,NA,NA,NA,,,,NA,FALSE,24,59,FALSE,NA,FALSE,NA,es,FALSE,NA,269,NA,,NA,NA,,NA,NA,NA,NA,NA,NA,NA,NA,NA,NA
2023-01-24T19:32:24Z,1617968580213215200,1617968580213215232,"El elector tiene la opci√≥n de votar de dos maneras: O vota por su partido, por el candidato de su simpat√≠a o vota por #Guayaquil. La invitaci√≥n es a que no insista en el candidato que no va a llegar y optar por darle su voto al candidato que le va a ganar a Cynthia Viteri. https://t.co/n4zwlsfZFi","El elector tiene la opci√≥n de votar de dos maneras: O vota por su partido, por el candidato de su simpat√≠a o vota por #Guayaquil. La invitaci√≥n es a que no insista en el candidato que no va a llegar y optar por darle su voto al candidato que le va a ganar a Cynthia Viteri. https://t.co/n4zwlsfZFi",FALSE,,"<a href=""http://twitter.com/download/iphone"" rel=""nofollow"">Twitter for iPhone</a>",NA,NA,NA,NA,NA,,,,NA,FALSE,15,36,FALSE,NA,FALSE,NA,es,FALSE,NA,273,NA,,NA,NA,,NA,NA,NA,NA,NA,NA,NA,NA,NA,NA
2023-01-24T01:38:58Z,1617698442591228e3,1617698442591227904,"Y si, hay encuestas y encuestas‚Ä¶algunos audaces sostienen que con 400 muestras en Guayaquil con m√°s de 30% de indecisos ya est√° ‚Äútodo definido‚Äù. Hay que tomar estas cosas con humor. @cendemocratico https://t.co/NsDqMF2o9r","Y si, hay encuestas y encuestas‚Ä¶algunos audaces sostienen que con 400 muestras en Guayaquil con m√°s de 30% de indecisos ya est√° ‚Äútodo definido‚Äù. Hay que tomar estas cosas con humor. @cendemocratico https://t.co/NsDqMF2o9r",FALSE,,"<a href=""http://twitter.com/download/iphone"" rel=""nofollow"">Twitter for iPhone</a>",NA,NA,NA,NA,NA,,,,NA,FALSE,13,30,FALSE,NA,FALSE,NA,es,FALSE,NA,197,NA,,NA,NA,,NA,NA,NA,NA,NA,NA,NA,NA,NA,NA
2023-01-23T15:44:13Z,1617548767330439200,1617548767330439168,"S√∫bete a la reactivaci√≥n de las grandes obras, s√∫bete a la generaci√≥n de empleo, s√∫bete a la mejor soluci√≥n de la movilidad en Guayaquil.

 #S√∫beteAlTrendelCAMBIO
#JimmyAlcalde
#AlcaldedeGuayaquil
#Guayaquil https://t.co/HOLdyG0GOP","S√∫bete a la reactivaci√≥n de las grandes obras, s√∫bete a la generaci√≥n de empleo, s√∫bete a la mejor soluci√≥n de la movilidad en Guayaquil.

 #S√∫beteAlTrendelCAMBIO
#JimmyAlcalde
#AlcaldedeGuayaquil
#Guayaquil https://t.co/HOLdyG0GOP",FALSE,,"<a href=""http://twitter.com/download/iphone"" rel=""nofollow"">Twitter for iPhone</a>",NA,NA,NA,NA,NA,,,,NA,FALSE,45,100,FALSE,NA,FALSE,NA,es,FALSE,NA,207,NA,,NA,NA,,NA,NA,NA,NA,NA,NA,NA,NA,NA,NA
2023-01-22T18:53:35Z,1617234034190336e3,1617234034190336000,"Porque todo lo bueno que se ha hecho se mantendr√° y se potenciar√°. Habr√°n m√°s proyectos sociales, que lleguen cada vez a m√°s guayaquile√±os. Los parques de Sauces volver√°n a ser sus moradores y juntos recuperaremos la ciudad. #JimmyAlcalde #Alcald√≠adeGuayaquil https://t.co/Pg4WXxCgrz","Porque todo lo bueno que se ha hecho se mantendr√° y se potenciar√°. Habr√°n m√°s proyectos sociales, que lleguen cada vez a m√°s guayaquile√±os. Los parques de Sauces volver√°n a ser sus moradores y juntos recuperaremos la ciudad. #JimmyAlcalde #Alcald√≠adeGuayaquil https://t.co/Pg4WXxCgrz",FALSE,,"<a href=""http://twitter.com/download/iphone"" rel=""nofollow"">Twitter for iPhone</a>",NA,NA,NA,NA,NA,,,,NA,FALSE,19,29,FALSE,NA,FALSE,NA,es,FALSE,NA,259,NA,,NA,NA,,NA,NA,NA,NA,NA,NA,NA,NA,NA,NA
2023-01-22T01:37:57Z,1616973410231357400,1616973410231357441,"Ya llega el Guayaquil que todos merecemos, ya vuelven las grandes obras #S√∫beteAlTrendelCambio
#Guayaquil #JimmyAlcalde #Alcald√≠adeGuayaquil https://t.co/MBVTILI1Zo","Ya llega el Guayaquil que todos merecemos, ya vuelven las grandes obras #S√∫beteAlTrendelCambio
#Guayaquil #JimmyAlcalde #Alcald√≠adeGuayaquil https://t.co/MBVTILI1Zo",FALSE,,"<a href=""http://twitter.com/download/iphone"" rel=""nofollow"">Twitter for iPhone</a>",NA,NA,NA,NA,NA,,,,NA,FALSE,19,33,FALSE,NA,FALSE,NA,es,FALSE,NA,140,NA,,NA,NA,,NA,NA,NA,NA,NA,NA,NA,NA,NA,NA
2023-01-21T14:52:30Z,1616810976212385800,1616810976212385792,"No crean en casualidades, estamos subiendo y algunos querr√°n que bajemosüí™üèº Cada d√≠a m√°s ciudadanos se est√°n subiendo al tren del cambioüöÜ#JimmyAlcalde
#JimmyContigo
#S√∫beteAlTrendelCambio 
#Alcald√≠adeGuayaquil
#Guayaquil https://t.co/LM0j80x7tb","No crean en casualidades, estamos subiendo y algunos querr√°n que bajemosüí™üèº Cada d√≠a m√°s ciudadanos se est√°n subiendo al tren del cambioüöÜ#JimmyAlcalde
#JimmyContigo
#S√∫beteAlTrendelCambio 
#Alcald√≠adeGuayaquil
#Guayaquil https://t.co/LM0j80x7tb",FALSE,,"<a href=""http://twitter.com/download/iphone"" rel=""nofollow"">Twitter for iPhone</a>",NA,NA,NA,NA,NA,,,,NA,FALSE,23,75,FALSE,NA,FALSE,NA,es,FALSE,NA,219,NA,,NA,NA,,NA,NA,NA,NA,NA,NA,NA,NA,NA,NA
2023-01-20T22:24:36Z,1616562363259408400,1616562363259408408,Invito a todos a subirse al tren del cambio. La elecci√≥n ser√° entre la 6 y la 1.üí™üèº #JimmyAlcalde #Somos1 #S√∫beteAlTrendelCambio https://t.co/mu2Ol11wdD,Invito a todos a subirse al tren del cambio. La elecci√≥n ser√° entre la 6 y la 1.üí™üèº #JimmyAlcalde #Somos1 #S√∫beteAlTrendelCambio https://t.co/mu2Ol11wdD,FALSE,,"<a href=""http://twitter.com/download/iphone"" rel=""nofollow"">Twitter for iPhone</a>",NA,NA,NA,NA,NA,,,,NA,FALSE,21,42,FALSE,NA,FALSE,NA,es,FALSE,NA,127,NA,,NA,NA,,NA,NA,NA,NA,NA,NA,NA,NA,NA,NA
2023-01-20T17:12:54Z,1616483922887442400,1616483922887442444,La veracidad de la encuesta de Informe Confidencial no me hace candidato del Gobierno. Encuesta que marca que la recta final es entre la alcaldesa y yo. #S√∫betealtrendelCambio El momento es ahora! https://t.co/l8whPRl32I,La veracidad de la encuesta de Informe Confidencial no me hace candidato del Gobierno. Encuesta que marca que la recta final es entre la alcaldesa y yo. #S√∫betealtrendelCambio El momento es ahora! https://t.co/l8whPRl32I,FALSE,,"<a href=""http://twitter.com/download/iphone"" rel=""nofollow"">Twitter for iPhone</a>",NA,NA,NA,NA,NA,,,,NA,FALSE,31,52,FALSE,NA,FALSE,NA,es,FALSE,NA,196,NA,,NA,NA,,NA,NA,NA,NA,NA,NA,NA,NA,NA,NA
2023-01-17T19:15:05Z,1615427508626722800,1615427508626722821,La campa√±a pol√≠tica reactiva a muchos sectores de Guayaquil. Sepan amigos talentos de pantalla que se prestan para el ataque pol√≠tico que los entiendo. Merecen reactivarse. ‚ÄúAgarra tu contrato y s√∫bete al tren de cambio.‚Äùüòâ@cendemocratico @juventudesdecd,La campa√±a pol√≠tica reactiva a muchos sectores de Guayaquil. Sepan amigos talentos de pantalla que se prestan para el ataque pol√≠tico que los entiendo. Merecen reactivarse. ‚ÄúAgarra tu contrato y s√∫bete al tren de cambio.‚Äùüòâ@cendemocratico @juventudesdecd,FALSE,,"<a href=""http://twitter.com/download/iphone"" rel=""nofollow"">Twitter for iPhone</a>",NA,NA,NA,NA,NA,,,,NA,FALSE,21,54,FALSE,NA,FALSE,NA,es,NA,NA,253,NA,,NA,NA,,NA,NA,NA,NA,NA,NA,NA,NA,NA,NA
2023-01-16T11:20:10Z,1614945601640095700,1614945601640095747,"@revistavistazo El dato de los 70M que se requieren para dotar de agua a Monte Sina√≠ tiene como fuente a Veolia, administradora del contrato de @interagua","@revistavistazo El dato de los 70M que se requieren para dotar de agua a Monte Sina√≠ tiene como fuente a Veolia, administradora del contrato de @interagua",FALSE,,"<a href=""http://twitter.com/download/iphone"" rel=""nofollow"">Twitter for iPhone</a>",1614801963257831400,1614801963257831424,47384568,47384568,revistavistazo,,,,NA,FALSE,0,1,FALSE,NA,FALSE,NA,es,NA,NA,154,NA,,NA,NA,,NA,NA,NA,NA,NA,NA,NA,NA,NA,NA
2023-01-16T05:07:57Z,1614851930857119700,1614851930857119744,@cendemocratico @juventudesdecd https://t.co/9IFKrBkfrh,@cendemocratico @juventudesdecd https://t.co/9IFKrBkfrh,FALSE,,"<a href=""http://twitter.com/download/iphone"" rel=""nofollow"">Twitter for iPhone</a>",NA,NA,317526927,317526927,cendemocratico,,,,NA,FALSE,2,4,FALSE,NA,FALSE,NA,qme,FALSE,NA,31,NA,,NA,NA,,NA,NA,NA,NA,NA,NA,NA,NA,NA,NA
2023-01-16T05:07:26Z,1614851799017554e3,1614851799017553921,@juventudesdecd @cendemocratico https://t.co/2AXImEh45f,@juventudesdecd @cendemocratico https://t.co/2AXImEh45f,FALSE,,"<a href=""http://twitter.com/download/iphone"" rel=""nofollow"">Twitter for iPhone</a>",NA,NA,1323105289600721e3,1323105289600720897,juventudesdecd,,,,NA,FALSE,0,0,FALSE,NA,FALSE,NA,qme,FALSE,NA,31,NA,,NA,NA,,NA,NA,NA,NA,NA,NA,NA,NA,NA,NA
2023-01-16T05:07:01Z,1614851695267442700,1614851695267442689,@cendemocratico @juventudesdecd https://t.co/ie9Ox1oTZn,@cendemocratico @juventudesdecd https://t.co/ie9Ox1oTZn,FALSE,,"<a href=""http://twitter.com/download/iphone"" rel=""nofollow"">Twitter for iPhone</a>",NA,NA,317526927,317526927,cendemocratico,,,,NA,FALSE,2,5,FALSE,NA,FALSE,NA,qme,FALSE,NA,31,NA,,NA,NA,,NA,NA,NA,NA,NA,NA,NA,NA,NA,NA
2023-01-16T05:06:45Z,1614851626900111400,1614851626900111361,@cendemocratico @juventudesdecd https://t.co/68jyggI8JD,@cendemocratico @juventudesdecd https://t.co/68jyggI8JD,FALSE,,"<a href=""http://twitter.com/download/iphone"" rel=""nofollow"">Twitter for iPhone</a>",NA,NA,317526927,317526927,cendemocratico,,,,NA,FALSE,5,5,FALSE,NA,FALSE,NA,qme,FALSE,NA,31,NA,,NA,NA,,NA,NA,NA,NA,NA,NA,NA,NA,NA,NA
2023-01-16T05:06:11Z,1614851487573905400,1614851487573905408,@cendemocratico @juventudesdecd https://t.co/ZdejE31078,@cendemocratico @juventudesdecd https://t.co/ZdejE31078,FALSE,,"<a href=""http://twitter.com/download/iphone"" rel=""nofollow"">Twitter for iPhone</a>",NA,NA,317526927,317526927,cendemocratico,,,,NA,FALSE,8,16,FALSE,NA,FALSE,NA,qme,FALSE,NA,31,NA,,NA,NA,,NA,NA,NA,NA,NA,NA,NA,NA,NA,NA
2023-01-16T04:32:48Z,1614843084118057e3,1614843084118056960,"As√≠ abrimos nuestro debate. #Guayaquil merece debates con ideas, propuestas y sin mentiras. https://t.co/xExZOtlQSJ","As√≠ abrimos nuestro debate. #Guayaquil merece debates con ideas, propuestas y sin mentiras. https://t.co/xExZOtlQSJ",FALSE,,"<a href=""http://twitter.com/download/iphone"" rel=""nofollow"">Twitter for iPhone</a>",NA,NA,NA,NA,NA,,,,NA,FALSE,28,43,FALSE,NA,FALSE,NA,es,FALSE,NA,91,NA,,NA,NA,,NA,NA,NA,NA,NA,NA,NA,NA,NA,NA
2023-01-15T17:51:10Z,1614681612578607e3,1614681612578607109,"Aqu√≠ estamos, listos como siempre para debatir con ideas en beneficio de Guayaquilüí™üèº Los espero hoy 7pm en el #DebateGuayaquilüòâ
#Guayaquil
#Alcald√≠adeGuayaquil
#JimmyAlcalde https://t.co/lAsWzbvMf4","Aqu√≠ estamos, listos como siempre para debatir con ideas en beneficio de Guayaquilüí™üèº Los espero hoy 7pm en el #DebateGuayaquilüòâ
#Guayaquil
#Alcald√≠adeGuayaquil
#JimmyAlcalde https://t.co/lAsWzbvMf4",FALSE,,"<a href=""http://twitter.com/download/iphone"" rel=""nofollow"">Twitter for iPhone</a>",NA,NA,NA,NA,NA,,,,NA,FALSE,18,46,FALSE,NA,FALSE,NA,es,FALSE,NA,173,NA,,NA,NA,,NA,NA,NA,NA,NA,NA,NA,NA,NA,NA
2023-01-14T19:31:56Z,1614344583080718300,1614344583080718336,"Ya falta poco para recuperar los barrios de Guayaquil. En los Guasmos el cari√±o de los ciudadanos nos motiva a continuar. #S√∫betealTrendelCambio
#Guayaquil #JimmyAlcalde https://t.co/wo7XVYm7Fk","Ya falta poco para recuperar los barrios de Guayaquil. En los Guasmos el cari√±o de los ciudadanos nos motiva a continuar. #S√∫betealTrendelCambio
#Guayaquil #JimmyAlcalde https://t.co/wo7XVYm7Fk",FALSE,,"<a href=""http://twitter.com/download/iphone"" rel=""nofollow"">Twitter for iPhone</a>",NA,NA,NA,NA,NA,,,,NA,FALSE,18,41,FALSE,NA,FALSE,NA,es,FALSE,NA,169,NA,,NA,NA,,NA,NA,NA,NA,NA,NA,NA,NA,NA,NA
2023-01-14T00:32:28Z,1614057829270257700,1614057829270257666,"Ya se viene el nuevo amanecer y en el Distrito 1 cada vez son m√°s los guayaquile√±os que se suben al tren del cambio.
¬°Gracias por el respaldo, el cari√±o y su voto de fe! #Guayaquil #S√∫beteAlTrenDelCambio #JimmyAlcalde https://t.co/tFXpbD20af","Ya se viene el nuevo amanecer y en el Distrito 1 cada vez son m√°s los guayaquile√±os que se suben al tren del cambio.
¬°Gracias por el respaldo, el cari√±o y su voto de fe! #Guayaquil #S√∫beteAlTrenDelCambio #JimmyAlcalde https://t.co/tFXpbD20af",FALSE,,"<a href=""http://twitter.com/download/iphone"" rel=""nofollow"">Twitter for iPhone</a>",NA,NA,NA,NA,NA,,,,NA,FALSE,26,58,FALSE,NA,FALSE,NA,es,FALSE,NA,217,NA,,NA,NA,,NA,NA,NA,NA,NA,NA,NA,NA,NA,NA
2023-01-13T16:07:15Z,1613930685013565400,1613930685013565441,"En la Bah√≠a de Guayaquil conversamos con comerciantes que a diario luchan para llevar la comida a sus hogares.
 ¬°Ya viene el tren del cambio! 
#Guayaquil
#JimmyAlcalde https://t.co/27gZdlrYG2","En la Bah√≠a de Guayaquil conversamos con comerciantes que a diario luchan para llevar la comida a sus hogares.
 ¬°Ya viene el tren del cambio! 
#Guayaquil
#JimmyAlcalde https://t.co/27gZdlrYG2",FALSE,,"<a href=""http://twitter.com/download/iphone"" rel=""nofollow"">Twitter for iPhone</a>",NA,NA,NA,NA,NA,,,,NA,FALSE,22,45,FALSE,NA,FALSE,NA,es,FALSE,NA,167,NA,,NA,NA,,NA,NA,NA,NA,NA,NA,NA,NA,NA,NA
2023-01-12T19:05:02Z,1613613037377945600,1613613037377945600,MUCHOS ven estas im√°genes en Guayaquil MENOS el @cnegobec @CNEGuayas https://t.co/43i0aFHqAW,MUCHOS ven estas im√°genes en Guayaquil MENOS el @cnegobec @CNEGuayas https://t.co/43i0aFHqAW,FALSE,,"<a href=""http://twitter.com/download/iphone"" rel=""nofollow"">Twitter for iPhone</a>",NA,NA,NA,NA,NA,,,,NA,FALSE,421,586,FALSE,NA,FALSE,NA,es,FALSE,NA,68,NA,,NA,NA,,NA,NA,NA,NA,NA,NA,NA,NA,NA,NA
2023-01-12T02:27:26Z,1613361985378291700,1613361985378291719,"Agenda de medios| Los espero ma√±ana jueves por @925forever y @vitotvo para conversar sobre nuestro proyecto transformador para Guayaquil.
#S√∫beteAlTrenDelCambio
#Guayaquil
#UnAlcaldeComoUno https://t.co/omg2G0QmBc","Agenda de medios| Los espero ma√±ana jueves por @925forever y @vitotvo para conversar sobre nuestro proyecto transformador para Guayaquil.
#S√∫beteAlTrenDelCambio
#Guayaquil
#UnAlcaldeComoUno https://t.co/omg2G0QmBc",FALSE,,"<a href=""http://twitter.com/download/iphone"" rel=""nofollow"">Twitter for iPhone</a>",NA,NA,NA,NA,NA,,,,NA,FALSE,9,25,FALSE,NA,FALSE,NA,es,FALSE,NA,189,NA,,NA,NA,,NA,NA,NA,NA,NA,NA,NA,NA,NA,NA
2023-01-12T00:26:17Z,1613331497326620700,1613331497326620673,"En las Malvinas y la Chala ya se subieron al tren del cambioüòâ #JimmyAlcalde
#Guayaquil https://t.co/YjhOyXHebM","En las Malvinas y la Chala ya se subieron al tren del cambioüòâ #JimmyAlcalde
#Guayaquil https://t.co/YjhOyXHebM",FALSE,,"<a href=""http://twitter.com/download/iphone"" rel=""nofollow"">Twitter for iPhone</a>",NA,NA,NA,NA,NA,,,,NA,FALSE,20,34,FALSE,NA,FALSE,NA,es,FALSE,NA,86,NA,,NA,NA,,NA,NA,NA,NA,NA,NA,NA,NA,NA,NA
2023-01-11T03:18:24Z,1613012422373085200,1613012422373085189,"Instituto Tecnol√≥gico Municipal: carreras cortas para nuestros j√≥venes; inversi√≥n EFICIENTE en seguridad, dos de nuestras propuestas frente al ‚Äúplan pollo‚Äù de la actual administraci√≥n. @cendemocratico @juventudesdecd @RadioCanelaEC https://t.co/wVKqpoELhJ https://t.co/Z48X86IdQ1","Instituto Tecnol√≥gico Municipal: carreras cortas para nuestros j√≥venes; inversi√≥n EFICIENTE en seguridad, dos de nuestras propuestas frente al ‚Äúplan pollo‚Äù de la actual administraci√≥n. @cendemocratico @juventudesdecd @RadioCanelaEC https://t.co/wVKqpoELhJ https://t.co/Z48X86IdQ1",FALSE,,"<a href=""http://twitter.com/download/iphone"" rel=""nofollow"">Twitter for iPhone</a>",NA,NA,NA,NA,NA,,,,NA,FALSE,45,61,FALSE,NA,FALSE,NA,es,FALSE,NA,255,NA,,NA,NA,,NA,NA,NA,NA,NA,NA,NA,NA,NA,NA
2023-01-10T16:14:34Z,1612845361353363500,1612845361353363457,"La campa√±a de ‚Äúnutrici√≥n de votos‚Äù avanza puerta a puerta. No todos la pueden ver, al menos los organismos de control no la ven. Lo que tambi√©n avanza es ese nuevo amanecer üåÖ que tendr√° la ciudad, porque cada d√≠a m√°s ciudadanos se suben al tren del cambio. @cendemocratico https://t.co/hLh6Wc1dMp","La campa√±a de ‚Äúnutrici√≥n de votos‚Äù avanza puerta a puerta. No todos la pueden ver, al menos los organismos de control no la ven. Lo que tambi√©n avanza es ese nuevo amanecer üåÖ que tendr√° la ciudad, porque cada d√≠a m√°s ciudadanos se suben al tren del cambio. @cendemocratico https://t.co/hLh6Wc1dMp",FALSE,,"<a href=""http://twitter.com/download/iphone"" rel=""nofollow"">Twitter for iPhone</a>",NA,NA,NA,NA,NA,,,,NA,FALSE,73,86,FALSE,NA,FALSE,NA,es,FALSE,NA,272,NA,,NA,NA,,NA,NA,NA,NA,NA,NA,NA,NA,NA,NA
2023-01-10T13:12:01Z,1612799421250474e3,1612799421250473985,"Vuelven las grandes obras. Construiremos el tren el√©ctrico elevado para solucionar el grave problema de movilidad de Guayaquil sin que le cueste un centavo a la ciudad. #S√∫betealTRENdelCAMBIO
#Guayaquil
#JimmyAlcalde https://t.co/Wg5YnMdfAi","Vuelven las grandes obras. Construiremos el tren el√©ctrico elevado para solucionar el grave problema de movilidad de Guayaquil sin que le cueste un centavo a la ciudad. #S√∫betealTRENdelCAMBIO
#Guayaquil
#JimmyAlcalde https://t.co/Wg5YnMdfAi",FALSE,,"<a href=""http://twitter.com/download/iphone"" rel=""nofollow"">Twitter for iPhone</a>",NA,NA,NA,NA,NA,,,,NA,FALSE,57,201,FALSE,NA,FALSE,NA,es,FALSE,NA,216,NA,,NA,NA,,NA,NA,NA,NA,NA,NA,NA,NA,NA,NA
2023-01-09T19:17:58Z,1612529129701662700,1612529129701662726,Que es m√°s importante para el Municipio? Trapear baldosas o dotar de agua a Monte Sina√≠? Ent√©rese. @radiopichincha @cendemocratico @juventudesdecd https://t.co/LexrlU2B9y,Que es m√°s importante para el Municipio? Trapear baldosas o dotar de agua a Monte Sina√≠? Ent√©rese. @radiopichincha @cendemocratico @juventudesdecd https://t.co/LexrlU2B9y,FALSE,,"<a href=""http://twitter.com/download/iphone"" rel=""nofollow"">Twitter for iPhone</a>",NA,NA,NA,NA,NA,,,,NA,FALSE,57,87,FALSE,NA,FALSE,NA,pt,FALSE,NA,146,NA,,NA,NA,,NA,NA,NA,NA,NA,NA,NA,NA,NA,NA
2023-01-08T22:20:40Z,1612212719154782200,1612212719154782208,Esto es lo que se viene para Guayaquil. #S√∫beteAlTrenDelCambio #Guayaquil #JimmyAlcalde https://t.co/SufcVaI6Z6,Esto es lo que se viene para Guayaquil. #S√∫beteAlTrenDelCambio #Guayaquil #JimmyAlcalde https://t.co/SufcVaI6Z6,FALSE,,"<a href=""http://twitter.com/download/iphone"" rel=""nofollow"">Twitter for iPhone</a>",NA,NA,NA,NA,NA,,,,NA,FALSE,30,49,FALSE,NA,FALSE,NA,es,FALSE,NA,87,NA,,NA,NA,,NA,NA,NA,NA,NA,NA,NA,NA,NA,NA
2023-01-07T14:52:08Z,1611737454574280700,1611737454574280707,"Preocupa la situaci√≥n financiera del Municipio de Guayaquil. Necesitamos cuentas claras, que no las hay. Los contratistas est√°n impagos. @cendemocratico @juventudesdecd https://t.co/H5rDFzDwl4","Preocupa la situaci√≥n financiera del Municipio de Guayaquil. Necesitamos cuentas claras, que no las hay. Los contratistas est√°n impagos. @cendemocratico @juventudesdecd https://t.co/H5rDFzDwl4",FALSE,,"<a href=""http://twitter.com/download/iphone"" rel=""nofollow"">Twitter for iPhone</a>",NA,NA,NA,NA,NA,,,,NA,FALSE,18,36,FALSE,NA,FALSE,NA,es,FALSE,NA,168,NA,,NA,NA,,NA,NA,NA,NA,NA,NA,NA,NA,NA,NA
2023-01-07T01:12:10Z,1611531104183517200,1611531104183517184,Serias dudas sobre el manejo econ√≥mico del Municipio de Guayaquil. @RadioElite997 @cendemocratico @juven https://t.co/VtldV2CUoT,Serias dudas sobre el manejo econ√≥mico del Municipio de Guayaquil. @RadioElite997 @cendemocratico @juven https://t.co/VtldV2CUoT,FALSE,,"<a href=""http://twitter.com/download/iphone"" rel=""nofollow"">Twitter for iPhone</a>",NA,NA,NA,NA,NA,,,,NA,FALSE,29,63,FALSE,NA,FALSE,NA,es,FALSE,NA,104,NA,,NA,NA,,NA,NA,NA,NA,NA,NA,NA,NA,NA,NA
2023-01-07T01:09:48Z,1611530506142683100,1611530506142683138,El tren el√©ctrico y su utilidad para solucionar el ca√≥tico tr√°fico de Guayaquil. @cendemocratico #S√∫beteAlTrenDelCambio https://t.co/hMNg3eH2dB,El tren el√©ctrico y su utilidad para solucionar el ca√≥tico tr√°fico de Guayaquil. @cendemocratico #S√∫beteAlTrenDelCambio https://t.co/hMNg3eH2dB,FALSE,,"<a href=""http://twitter.com/download/iphone"" rel=""nofollow"">Twitter for iPhone</a>",NA,NA,NA,NA,NA,,,,NA,FALSE,20,45,FALSE,NA,FALSE,NA,es,FALSE,NA,119,NA,,NA,NA,,NA,NA,NA,NA,NA,NA,NA,NA,NA,NA
2023-01-06T19:28:07Z,1611444518448169e3,1611444518448168960,Seguimos sumando respaldo y ratificando nuestro compromiso de que nuestra Alcald√≠a ser√° una administraci√≥n consciente de las necesidades y urgencias de los guayaquile√±os. Estuvimos conversando con dirigentes de Flor de Basti√≥n #UnAlcaldecomoUNO #S√∫betealTrendelCambio https://t.co/Z694CV9dbr,Seguimos sumando respaldo y ratificando nuestro compromiso de que nuestra Alcald√≠a ser√° una administraci√≥n consciente de las necesidades y urgencias de los guayaquile√±os. Estuvimos conversando con dirigentes de Flor de Basti√≥n #UnAlcaldecomoUNO #S√∫betealTrendelCambio https://t.co/Z694CV9dbr,FALSE,,"<a href=""http://twitter.com/download/iphone"" rel=""nofollow"">Twitter for iPhone</a>",NA,NA,NA,NA,NA,,,,NA,FALSE,25,43,FALSE,NA,FALSE,NA,es,FALSE,NA,267,NA,,NA,NA,,NA,NA,NA,NA,NA,NA,NA,NA,NA,NA
2023-01-06T12:12:15Z,1611334832092487700,1611334832092487681,Hoy a las 08h30 en @RadioElite997 los espero para conversar sobre las propuestas que transformar√°n Guayaquil #S√∫betealTrendelCambio #JimmyContigo #UnAlcaldeComoUNO #Guayaquil #Alcald√≠adeGuayaquil https://t.co/eZQj5bN5dw,Hoy a las 08h30 en @RadioElite997 los espero para conversar sobre las propuestas que transformar√°n Guayaquil #S√∫betealTrendelCambio #JimmyContigo #UnAlcaldeComoUNO #Guayaquil #Alcald√≠adeGuayaquil https://t.co/eZQj5bN5dw,FALSE,,"<a href=""http://twitter.com/download/iphone"" rel=""nofollow"">Twitter for iPhone</a>",NA,NA,NA,NA,NA,,,,NA,FALSE,11,27,FALSE,NA,FALSE,NA,es,FALSE,NA,195,NA,,NA,NA,,NA,NA,NA,NA,NA,NA,NA,NA,NA,NA
2023-01-05T18:00:27Z,1611060068790984700,1611060068790984705,EL TREN EL√âCTRICO ELEVADO: SOLUCI√ìN PARA EL PROBLEMA DE MOVILIDAD DE GUAYAQUIL. https://t.co/4r52snzSzT,EL TREN EL√âCTRICO ELEVADO: SOLUCI√ìN PARA EL PROBLEMA DE MOVILIDAD DE GUAYAQUIL. https://t.co/4r52snzSzT,FALSE,,"<a href=""http://twitter.com/download/iphone"" rel=""nofollow"">Twitter for iPhone</a>",NA,NA,NA,NA,NA,,,,NA,FALSE,22,54,FALSE,NA,FALSE,NA,es,FALSE,NA,79,NA,,NA,NA,,NA,NA,NA,NA,NA,NA,NA,NA,NA,NA
2023-01-05T13:49:13Z,1610996843730575400,1610996843730575362,Abrazo a todos los colegas que hemos hecho de esta profesi√≥n un orgullo nacional. @juventudesdecd @cendemocratico https://t.co/JBuMSyd9UE,Abrazo a todos los colegas que hemos hecho de esta profesi√≥n un orgullo nacional. @juventudesdecd @cendemocratico https://t.co/JBuMSyd9UE,FALSE,,"<a href=""http://twitter.com/download/iphone"" rel=""nofollow"">Twitter for iPhone</a>",NA,NA,NA,NA,NA,,,,NA,FALSE,6,41,FALSE,NA,FALSE,NA,es,FALSE,NA,113,NA,,NA,NA,,NA,NA,NA,NA,NA,NA,NA,NA,NA,NA
2023-01-05T11:31:18Z,1610962138968858600,1610962138968858627,Los espero a las 07h30 por @EcuavisaInforma en su noticiero de la Comunidad para contarles las propuestas que tenemos para Guayaquil #S√∫betealTrenDelCambio #JimmyAlcalde https://t.co/wZFzsHi7qm,Los espero a las 07h30 por @EcuavisaInforma en su noticiero de la Comunidad para contarles las propuestas que tenemos para Guayaquil #S√∫betealTrenDelCambio #JimmyAlcalde https://t.co/wZFzsHi7qm,FALSE,,"<a href=""http://twitter.com/download/iphone"" rel=""nofollow"">Twitter for iPhone</a>",NA,NA,NA,NA,NA,,,,NA,FALSE,11,34,FALSE,NA,FALSE,NA,es,FALSE,NA,169,NA,,NA,NA,,NA,NA,NA,NA,NA,NA,NA,NA,NA,NA
2023-01-04T22:28:09Z,1610765051790758e3,1610765051790757888,"No fue una caravana, fue un tren!!! #S√∫betealTRENdelCAMBIO https://t.co/eqiJGivvCJ","No fue una caravana, fue un tren!!! #S√∫betealTRENdelCAMBIO https://t.co/eqiJGivvCJ",FALSE,,"<a href=""http://twitter.com/download/iphone"" rel=""nofollow"">Twitter for iPhone</a>",NA,NA,NA,NA,NA,,,,NA,FALSE,29,90,FALSE,NA,FALSE,NA,es,FALSE,NA,58,NA,,NA,NA,,NA,NA,NA,NA,NA,NA,NA,NA,NA,NA
2023-01-03T13:58:37Z,1610274434098528300,1610274434098528257,Arrancamos la campa√±a con el tema que m√°s preocupa a todos: seguridad. #S√∫betealTRENdelCAMBIO #JimmyAlcalde https://t.co/IA5sBYa8o7,Arrancamos la campa√±a con el tema que m√°s preocupa a todos: seguridad. #S√∫betealTRENdelCAMBIO #JimmyAlcalde https://t.co/IA5sBYa8o7,FALSE,,"<a href=""http://twitter.com/download/iphone"" rel=""nofollow"">Twitter for iPhone</a>",NA,NA,NA,NA,NA,,,,NA,FALSE,29,52,FALSE,NA,FALSE,NA,es,FALSE,NA,107,NA,,NA,NA,,NA,NA,NA,NA,NA,NA,NA,NA,NA,NA
2023-01-03T01:41:01Z,1610088813665325e3,1610088813665325056,"Esta es la foto OFICIAL de la campa√±a, la que aparecer√° en la papeleta para alcalde de Guayaquil el 5 de febrero. @cendemocratico @juventudesdecd https://t.co/ywMmRPTjC1","Esta es la foto OFICIAL de la campa√±a, la que aparecer√° en la papeleta para alcalde de Guayaquil el 5 de febrero. @cendemocratico @juventudesdecd https://t.co/ywMmRPTjC1",FALSE,,"<a href=""http://twitter.com/download/iphone"" rel=""nofollow"">Twitter for iPhone</a>",NA,NA,NA,NA,NA,,,,NA,FALSE,31,123,FALSE,NA,FALSE,NA,es,FALSE,NA,145,NA,,NA,NA,,NA,NA,NA,NA,NA,NA,NA,NA,NA,NA
2023-01-03T01:20:42Z,1610083701295124500,1610083701295124480,Bienvenidos todos los que quieren un verdadero cambio en Guayaquil. @cendemocratico @juventudesdecd https://t.co/yv8WOWrMcw,Bienvenidos todos los que quieren un verdadero cambio en Guayaquil. @cendemocratico @juventudesdecd https://t.co/yv8WOWrMcw,FALSE,,"<a href=""http://twitter.com/download/iphone"" rel=""nofollow"">Twitter for iPhone</a>",NA,NA,NA,NA,NA,,,,NA,FALSE,41,109,FALSE,NA,FALSE,NA,es,FALSE,NA,99,NA,,NA,NA,,NA,NA,NA,NA,NA,NA,NA,NA,NA,NA
2023-01-02T22:04:59Z,1610034444752113700,1610034444752113668,"Ma√±ana los espero a las 08h30 por @RTS_LaNoticia para arrancar la campa√±a cont√°ndoles las propuestas que tenemos para los guayaquile√±os.
#S√∫beteAlTrenDelCambio #JimmyAlcalde #UnAlcaldeComoUno https://t.co/qESviOPkan","Ma√±ana los espero a las 08h30 por @RTS_LaNoticia para arrancar la campa√±a cont√°ndoles las propuestas que tenemos para los guayaquile√±os.
#S√∫beteAlTrenDelCambio #JimmyAlcalde #UnAlcaldeComoUno https://t.co/qESviOPkan",FALSE,,"<a href=""http://twitter.com/download/iphone"" rel=""nofollow"">Twitter for iPhone</a>",NA,NA,NA,NA,NA,,,,NA,FALSE,16,36,FALSE,NA,FALSE,NA,es,FALSE,NA,191,NA,,NA,NA,,NA,NA,NA,NA,NA,NA,NA,NA,NA,NA
2023-01-02T02:34:29Z,1609739880665612300,1609739880665612291,Y bueno el trabajo de retirar pancartas de la 6 del Min.OO.PP.fue mano de gato. Sigue la infestaci√≥n de publicidad ante la mirada (‚Ä¶cu√°l mirada?) de la Junta Provincial Electoral. Un abuso autorizado? @cendemocratico https://t.co/EuIs07i9mp https://t.co/2yHXCeaOIi,Y bueno el trabajo de retirar pancartas de la 6 del Min.OO.PP.fue mano de gato. Sigue la infestaci√≥n de publicidad ante la mirada (‚Ä¶cu√°l mirada?) de la Junta Provincial Electoral. Un abuso autorizado? @cendemocratico https://t.co/EuIs07i9mp https://t.co/2yHXCeaOIi,FALSE,,"<a href=""http://twitter.com/download/iphone"" rel=""nofollow"">Twitter for iPhone</a>",NA,NA,NA,NA,NA,,,,NA,FALSE,124,228,FALSE,NA,FALSE,NA,es,FALSE,NA,240,NA,,NA,NA,,NA,NA,NA,NA,NA,NA,NA,NA,NA,NA
2023-01-01T20:31:04Z,1609648422251892700,1609648422251892737,Estar en ‚Äúzona de fraude‚Äù significa tambi√©n esto: que la publicidad en los puentes de la Prefecta NO la haya retirado la Junta Provincial Electoral sino el Min.OO.PP. ‚Ä¶por eso se precisa ganar por amplio margen. @cendemocratico https://t.co/AN72wEtU2W,Estar en ‚Äúzona de fraude‚Äù significa tambi√©n esto: que la publicidad en los puentes de la Prefecta NO la haya retirado la Junta Provincial Electoral sino el Min.OO.PP. ‚Ä¶por eso se precisa ganar por amplio margen. @cendemocratico https://t.co/AN72wEtU2W,FALSE,,"<a href=""http://twitter.com/download/iphone"" rel=""nofollow"">Twitter for iPhone</a>",NA,NA,NA,NA,NA,,,,NA,FALSE,97,202,FALSE,NA,FALSE,NA,es,FALSE,NA,227,NA,,NA,NA,,NA,NA,NA,NA,NA,NA,NA,NA,NA,NA
2022-12-31T23:09:43Z,1609325962000322600,1609325962000322560,Bienvenido 2023. Dios quiera que sea un a√±o lleno de bendiciones para quienes nos esforzamos por hacer un mejor pa√≠s. @cendemocratico @UnCafeConJJ https://t.co/GykTVOaSfI,Bienvenido 2023. Dios quiera que sea un a√±o lleno de bendiciones para quienes nos esforzamos por hacer un mejor pa√≠s. @cendemocratico @UnCafeConJJ https://t.co/GykTVOaSfI,FALSE,,"<a href=""http://twitter.com/download/iphone"" rel=""nofollow"">Twitter for iPhone</a>",NA,NA,NA,NA,NA,,,,NA,FALSE,14,48,FALSE,NA,FALSE,NA,es,FALSE,NA,146,NA,,NA,NA,,NA,NA,NA,NA,NA,NA,NA,NA,NA,NA
2022-12-31T05:03:28Z,1609052597326958600,1609052597326958592,"Profundo dolor en la familia de @cendemocratico por la muerte de Wachito Pesantes, el eterno animador de nuestros m√≠tines con sus temas rockoleros. Paz en la tumba de esa voz que se ha apagado. https://t.co/puJdsXxXib","Profundo dolor en la familia de @cendemocratico por la muerte de Wachito Pesantes, el eterno animador de nuestros m√≠tines con sus temas rockoleros. Paz en la tumba de esa voz que se ha apagado. https://t.co/puJdsXxXib",FALSE,,"<a href=""http://twitter.com/download/iphone"" rel=""nofollow"">Twitter for iPhone</a>",NA,NA,NA,NA,NA,,,,NA,FALSE,11,41,FALSE,NA,FALSE,NA,es,FALSE,NA,193,NA,,NA,NA,,NA,NA,NA,NA,NA,NA,NA,NA,NA,NA
2022-12-30T23:49:55Z,1608973688132743200,1608973688132743169,"Este es el emocionante resumen de nuestro 2022, el a√±o que logramos construir un plan con los ciudadanos, el primer paso de ese nuevo amanecer que le espera a Guayaquil. Ac√° no hay modelos ni guiones, son nuestros barrios al natural.

#UnAlcaldecomoUNO #JimmyContigo https://t.co/WUV7C5ORQw","Este es el emocionante resumen de nuestro 2022, el a√±o que logramos construir un plan con los ciudadanos, el primer paso de ese nuevo amanecer que le espera a Guayaquil. Ac√° no hay modelos ni guiones, son nuestros barrios al natural.

#UnAlcaldecomoUNO #JimmyContigo https://t.co/WUV7C5ORQw",FALSE,,"<a href=""http://twitter.com/download/iphone"" rel=""nofollow"">Twitter for iPhone</a>",NA,NA,NA,NA,NA,,,,NA,FALSE,19,42,FALSE,NA,FALSE,NA,es,FALSE,NA,266,NA,,NA,NA,,NA,NA,NA,NA,NA,NA,NA,NA,NA,NA
2022-12-30T02:12:39Z,1608647220785709e3,1608647220785709057,El Gobernador de Nuevo Le√≥n demuestra que pensar en grande es posible con voluntad pol√≠tica y visi√≥n de futuro. Esto le espera a nuestro Guayaquil! @cendemocratico https://t.co/cl6cXdaIiY,El Gobernador de Nuevo Le√≥n demuestra que pensar en grande es posible con voluntad pol√≠tica y visi√≥n de futuro. Esto le espera a nuestro Guayaquil! @cendemocratico https://t.co/cl6cXdaIiY,FALSE,,"<a href=""http://twitter.com/download/iphone"" rel=""nofollow"">Twitter for iPhone</a>",NA,NA,NA,NA,NA,,,,NA,TRUE,20,43,FALSE,NA,FALSE,NA,es,FALSE,NA,163,NA,,1608628965383745500,1608628965383745538,,NA,NA,NA,NA,NA,NA,NA,NA,NA,NA
2022-12-28T18:33:09Z,1608169197208539100,1608169197208539136,La ‚Äúmoderna‚Äù draga de 7 due√±os sigue varada en las Islas Marshall. La @armada_ecuador ya habr√≠a terminado el dragado hace m√°s de un a√±o. Digo nom√°s‚Ä¶ https://t.co/XTbqyLpEcc https://t.co/F0C55cuZxH,La ‚Äúmoderna‚Äù draga de 7 due√±os sigue varada en las Islas Marshall. La @armada_ecuador ya habr√≠a terminado el dragado hace m√°s de un a√±o. Digo nom√°s‚Ä¶ https://t.co/XTbqyLpEcc https://t.co/F0C55cuZxH,FALSE,,"<a href=""http://twitter.com/download/iphone"" rel=""nofollow"">Twitter for iPhone</a>",NA,NA,NA,NA,NA,,,,NA,FALSE,40,81,FALSE,NA,FALSE,NA,es,FALSE,NA,172,NA,,NA,NA,,NA,NA,NA,NA,NA,NA,NA,NA,NA,NA
2022-12-28T16:45:41Z,1608142152651137e3,1608142152651137024,Participar en el Debate es mi obligaci√≥n como ciudadano m√°s all√° de cualquier especulaci√≥n por la ‚Äúpasmosa suerte‚Äù de la se√±ora Alcaldesa. Vamos cargados de propuestas para Guayaquil. @UnCafeConJJ https://t.co/uBWcRvrvHc,Participar en el Debate es mi obligaci√≥n como ciudadano m√°s all√° de cualquier especulaci√≥n por la ‚Äúpasmosa suerte‚Äù de la se√±ora Alcaldesa. Vamos cargados de propuestas para Guayaquil. @UnCafeConJJ https://t.co/uBWcRvrvHc,FALSE,,"<a href=""http://twitter.com/download/iphone"" rel=""nofollow"">Twitter for iPhone</a>",NA,NA,NA,NA,NA,,,,NA,FALSE,10,36,FALSE,NA,FALSE,NA,es,FALSE,NA,196,NA,,NA,NA,,NA,NA,NA,NA,NA,NA,NA,NA,NA,NA
2022-12-28T13:16:50Z,1608089591147274200,1608089591147274240,¬°No lo olvides! Agarra el pollo y s√∫bete al tren del cambio.üöÜ https://t.co/9F9TUNBynv,¬°No lo olvides! Agarra el pollo y s√∫bete al tren del cambio.üöÜ https://t.co/9F9TUNBynv,FALSE,,"<a href=""http://twitter.com/download/iphone"" rel=""nofollow"">Twitter for iPhone</a>",NA,NA,NA,NA,NA,,,,NA,FALSE,39,90,FALSE,NA,FALSE,NA,es,FALSE,NA,61,NA,,NA,NA,,NA,NA,NA,NA,NA,NA,NA,NA,NA,NA
2022-12-23T15:21:36Z,1606309051767427e3,1606309051767427072,Triste noticia para quienes lo conocimos. Te vamos a extra√±ar gordo querido! @UnCafeConJJ https://t.co/Qqqls0eBfZ,Triste noticia para quienes lo conocimos. Te vamos a extra√±ar gordo querido! @UnCafeConJJ https://t.co/Qqqls0eBfZ,FALSE,,"<a href=""http://twitter.com/download/iphone"" rel=""nofollow"">Twitter for iPhone</a>",NA,NA,NA,NA,NA,,,,NA,FALSE,2,11,FALSE,NA,FALSE,NA,es,FALSE,NA,89,NA,,NA,NA,,NA,NA,NA,NA,NA,NA,NA,NA,NA,NA
2022-12-22T22:53:54Z,1.6060604896114401e+18,1606060489611440128,"Ser√© el principal promotor del #DebateAlcaldiadeGuayaquil. La experiencia pol√≠tica me dice que no se puede creer en las coincidencias en el sorteo, pero hay que avanzar y en el debate demostrar la capacidad. https://t.co/ZWr15KcEVG","Ser√© el principal promotor del #DebateAlcaldiadeGuayaquil. La experiencia pol√≠tica me dice que no se puede creer en las coincidencias en el sorteo, pero hay que avanzar y en el debate demostrar la capacidad. https://t.co/ZWr15KcEVG",FALSE,,"<a href=""http://twitter.com/download/iphone"" rel=""nofollow"">Twitter for iPhone</a>",NA,NA,NA,NA,NA,,,,NA,FALSE,24,49,FALSE,NA,FALSE,NA,es,FALSE,NA,207,NA,,NA,NA,,NA,NA,NA,NA,NA,NA,NA,NA,NA,NA
2022-12-22T13:09:06Z,1605913321219141600,1605913321219141632,"En vivo a las 09h00 rueda de prensa por 
Facebook: https://t.co/i8HLJdQ1nZ
YouTube: https://t.co/mbaDCaAh51 https://t.co/9LCFlNFr7W","En vivo a las 09h00 rueda de prensa por 
Facebook: https://t.co/i8HLJdQ1nZ
YouTube: https://t.co/mbaDCaAh51 https://t.co/9LCFlNFr7W",FALSE,,"<a href=""http://twitter.com/download/iphone"" rel=""nofollow"">Twitter for iPhone</a>",NA,NA,NA,NA,NA,,,,NA,FALSE,2,6,FALSE,NA,FALSE,NA,es,FALSE,NA,107,NA,,NA,NA,,NA,NA,NA,NA,NA,NA,NA,NA,NA,NA
2022-12-22T00:03:36Z,1605715642539069400,1605715642539069440,"Ma√±ana, rueda de prensa https://t.co/q6dvGSMvvC","Ma√±ana, rueda de prensa https://t.co/q6dvGSMvvC",FALSE,,"<a href=""http://twitter.com/download/iphone"" rel=""nofollow"">Twitter for iPhone</a>",NA,NA,NA,NA,NA,,,,NA,TRUE,4,9,FALSE,NA,FALSE,NA,es,FALSE,NA,23,NA,,1605715568199454700,1605715568199454720,,NA,NA,NA,NA,NA,NA,NA,NA,NA,NA
2022-12-21T23:04:38Z,1605700803834028e3,1605700803834028032,"Ma√±ana, rueda de prensa. https://t.co/uUtLFob3SM","Ma√±ana, rueda de prensa. https://t.co/uUtLFob3SM",FALSE,,"<a href=""http://twitter.com/download/iphone"" rel=""nofollow"">Twitter for iPhone</a>",NA,NA,NA,NA,NA,,,,NA,TRUE,3,6,FALSE,NA,FALSE,NA,es,FALSE,NA,24,NA,,1605700607058145300,1605700607058145280,,NA,NA,NA,NA,NA,NA,NA,NA,NA,NA
2022-12-21T12:57:12Z,1605547935898382300,1605547935898382337,"Ya sab√≠amos que a los que nunca te har√≠an una obra as√≠, no les iba a gustar el tren elevado.

#JimmyContigo #UnAlcaldecomoUNO https://t.co/ZBIShArxIn","Ya sab√≠amos que a los que nunca te har√≠an una obra as√≠, no les iba a gustar el tren elevado.

#JimmyContigo #UnAlcaldecomoUNO https://t.co/ZBIShArxIn",FALSE,,"<a href=""http://twitter.com/download/iphone"" rel=""nofollow"">Twitter for iPhone</a>",NA,NA,NA,NA,NA,,,,NA,FALSE,16,40,FALSE,NA,FALSE,NA,es,FALSE,NA,125,NA,,NA,NA,,NA,NA,NA,NA,NA,NA,NA,NA,NA,NA
